Max_Radius,Range_of_Radii,Trappedness,Gaussianity,Skewness_Step_Length,Kurtosis_Step_Length,Mean_Velocity,Std_Velocity,Radius_of_Gyration,Straightness_Index,D_PowerLaw,Alpha_PowerLaw,Goodness_of_fit,Track ID,Predicted_Diffusion_Type
11.065196148827322,11.065196148827322,-2.068983207815633,20.635127414307508,3.6443180046671815,17.635127414307508,0.3418285150104802,0.36672909716521446,3.016479288435029,0.3346887910104971,0.05124879782434121,1.2724770828645338,0.9953640993861604,1,Directed
1.6220968136781722,1.6220968136781722,-0.7874074496267136,2.8205220460734735,0.7175797719557013,-0.1794779539265261,0.15438643390391937,0.1130439763008921,0.5457153201180027,0.042655941154294684,0.0027837208999753503,0.8217440665501741,0.965913744262094,2,Anomalous
1.6802600460384274,1.6802600460384274,-2.066537344232571,6.983721837736998,1.8178904727508018,3.983721837736998,0.14628809730093778,0.097280252489731,0.5416669313357577,0.020829234869632972,0.0116330718138706,0.5644859969141042,0.9782490158717173,3,Anomalous
1.4568604989719265,1.4568604989719265,-1.0319357868994739,4.943342579844625,1.5459620310402604,1.943342579844625,0.13513013047202402,0.10098699559752332,0.38535379892370014,0.028704388193956404,0.01092884969230892,0.3729975610288145,0.8470726474148805,4,Anomalous
1.030385142893974,1.030385142893974,-1.151470923313068,3.03827821029198,1.0448008304027616,0.038278210291979864,0.2469974659264621,0.17206745852078503,0.487311886824204,0.007094370499255978,0.03356582319148787,0.4089571313750597,0.862983873640902,5,Anomalous
1.6923907952446597,1.6923907952446597,-2.239931416404215,3.4600714996948225,1.1102071264856876,0.4600714996948225,0.32036457665959583,0.24398794412376495,0.5006813164154892,0.09261212407138393,0.02919927711060452,0.6699988351473039,0.9645636043118171,7,Normal
1.251119143335294,1.251119143335294,-0.6752286810063355,5.673250613461786,1.6653642887690538,2.6732506134617857,0.193931688266706,0.1617352059331497,0.5642409863813402,0.07409755394727965,0.008709170377111565,1.0156174417468868,0.9871346613773279,8,Anomalous
1.5963428249078795,1.5963428249078795,-2.1802741480953456,53.25060840337199,7.053372165600874,50.25060840337199,0.10154685168211113,0.23562043463488935,0.5821893473095946,0.21100267961341368,0.018670814012278728,0.6255123905640614,0.9414471707473281,9,Anomalous
6.880338970714495,6.880338970714495,-0.7929340816148116,8.280581933059612,1.8678435720949687,5.2805819330596115,0.2416898365797579,0.21543978722683654,3.0725246043447143,0.02741836794535823,0.06728117134485889,0.9139065372380744,0.9944658192639978,10,Normal
2.5248063395911373,2.5248063395911373,-1.3527226535724775,11.488354930036955,2.273623065839429,8.488354930036955,0.26235515318249253,0.2315779255364908,1.0272130019801007,0.0117531579164575,0.024593953891773043,0.8386847452321778,0.9860982629509454,11,Anomalous
6.094931301825685,6.094931301825685,-3.119995768223358,13.118663714711136,2.8380620399360916,10.118663714711133,0.3918124106617022,0.43736243269274694,1.891659144100306,0.0590171996812265,0.3058581547644523,0.5361439418464234,0.8293754872894827,13,Directed
12.325346632121384,12.325346632121384,-1.4153241592723838,12.936064293143334,2.569000785671921,9.936064293143334,0.46362043254345303,0.41867808472195617,3.5062779701851006,0.25810674235964254,0.13879338354094892,0.9202072968177606,0.9835396151877795,16,Directed
14.121992067811117,14.121992067811117,-1.2560257827513035,5.665483293311132,1.4228902186994363,2.665483293311132,0.36249744521272487,0.24301135305389845,5.095231094309543,0.2823006815776353,0.03316771423103584,1.3805692375335696,0.9992621066822395,17,Directed
1.024291508672223,1.024291508672223,-1.0457949549817225,4.762674534736033,1.1504947586612582,1.7626745347360329,0.06780079408926858,0.03429829797953579,0.337002095180379,0.09939057522840657,0.00043533199336673805,1.021170649880027,0.9720318271117102,20,Normal
1.3809626095582106,1.3809626095582106,-1.1673813729214997,16.60530158617101,3.4067630848579844,13.605301586171006,0.11900517739250589,0.11961249793592593,0.4288283917648762,0.11159037961954534,0.0055768737116215035,0.5755759888314042,0.9737122871163082,21,Anomalous
3.448912891048952,3.448912891048952,-1.4088865880439871,8.690831211377729,2.4938624460025878,5.690831211377729,0.405164372560533,0.5589587283877133,1.2543980122400455,0.12320487719803208,0.16564503028661667,0.5185767874000607,0.8577754017664718,22,Normal
2.3875548503775184,2.3875548503775184,-0.32500701424315737,41.994875448099606,5.9290062893952165,38.994875448099606,0.15621576247435887,0.2628596070368841,0.9756049985810809,0.09853665745513603,0.018817386235271908,0.8198682457733572,0.9778090130409184,23,Normal
1.788846584356529,1.788846584356529,-1.0649882697206996,73.46496067149124,8.019627873081415,70.46496067149124,0.16591477764246515,0.2639195751250061,0.7043304899794283,0.07153892075646917,0.021244372616498017,0.47158160118181014,0.9502220384922956,25,Anomalous
0.7458641808600058,0.7458641808600058,-3.3411668359517988,19.595019914916843,3.9336148870750747,16.595019914916843,0.11196310011501838,0.12267458524910821,0.19928024662588542,0.07857621204493366,0.0064015106699422996,0.24696921488010587,0.6361272205536406,28,Anomalous
3.095083101035793,3.095083101035793,-0.6109226157612444,5.255704060397914,1.4488939075158127,2.255704060397915,0.2305095008807587,0.1701173486716852,0.799851702715521,0.09199353355719782,0.02729828578839527,0.7871160055057087,0.9798020860560658,29,Normal
3.9239582711731,3.9239582711731,-0.5439260185843711,26.43031828491265,4.51292859541996,23.430318284912648,0.21406547892591896,0.3293239247320549,1.2143591141846544,0.15651027905947987,0.02316875690756873,1.0514282119150375,0.9924388296473893,32,Normal
1.2929073101865622,1.2929073101865622,-1.876176660273353,5.827720242611136,1.3763093416959442,2.827720242611136,0.1524861713777247,0.09699031563536599,0.48918439710342815,0.024443458822606495,0.005204040454366312,0.932137353292049,0.9950973056045905,34,Anomalous
0.8939935351235231,0.8939935351235231,-1.090564593883931,3.6248991698492596,1.2890231780975216,0.6248991698492601,0.1438762554836879,0.1152964317845534,0.2524801302897062,0.14450297763560557,0.006257832755134225,0.526379481603871,0.980735490457537,36,Anomalous
4.796374333225788,4.796374333225788,-2.1512246108926947,22.454367371047283,3.852242669071291,19.454367371047283,0.29154384321198096,0.2740245258892732,1.185823491224118,0.30465999876048333,0.026208787519481035,0.9260538231145163,0.9978400567793033,38,Normal
7.200885633128451,7.200885633128451,-0.3760529711228131,16.159016031910912,3.378518343858071,13.159016031910912,0.30156495433276775,0.3732178789466038,2.358759987479692,0.07459472178985664,0.10052152519017749,0.7384106389405712,0.9737677943262284,39,Normal
2.14637957624375,2.14637957624375,-2.5233574186264986,25.21021829209691,4.338814294386648,22.21021829209691,0.13967747996568303,0.17067852249317886,0.7781430266396119,0.15125938639485847,0.009638341224364669,0.90879805821592,0.9969831899790693,40,Normal
11.716404970529297,11.716404970529297,-1.1155481902897897,7.715313670733287,1.7614048567614895,4.715313670733288,0.13552926623989955,0.09497954710474697,3.9579385868900316,0.42642564423927803,0.0021679917430999546,1.7854129590229877,0.9996623436681218,42,Directed
13.195911430941427,13.195911430941427,-0.9688350188457371,6.476410810188084,1.5446905072306396,3.476410810188085,0.18150335710814275,0.15431859046776047,4.665347093451538,0.3631238253260635,0.0037996540958506702,1.719533696037588,0.998072343975331,46,Directed
1.3134554390985604,1.3134554390985604,-0.8780639166111142,4.214112810994795,0.8921026454220375,1.214112810994795,0.10105811334907187,0.05065739107132088,0.39774314411279443,0.056386022808869285,0.004977662326370484,0.49725031127153846,0.9705962358123654,47,Anomalous
14.002826500389128,14.002826500389128,-3.0755664874149087,14.12376353905224,3.1238822614551234,11.123763539052243,0.2698909979599347,0.35499406047004434,4.131621325779962,0.3454599185986022,0.11870347338473676,1.0976682385145498,0.9819447168653377,48,Directed
1.0456098698845606,1.0456098698845606,-0.9828671413144809,3.8976637455004584,0.6199257059633245,0.8976637455004584,0.11839329097973532,0.10237210068964957,0.3125981399615784,0.07194594806065009,0.0026804818807771753,0.7557659904615431,0.9936961439850196,49,Anomalous
3.696789147354766,3.696789147354766,-0.5971983179168647,5.668674953771458,1.044963988878851,2.6686749537714576,0.1547990279937636,0.1277313875229188,1.0870421290375107,0.11188475633155656,0.007142483059934655,0.9230828608379474,0.9981905391784889,50,Normal
2.3639605946016644,2.3639605946016644,-5.4270431106469825,68.6237994365927,6.777557533136151,65.6237994365927,0.1042439371820657,0.17099009167453721,0.32254765222235066,0.1420027620661381,0.008069917564169308,0.3148984859061528,0.9597956500187875,51,Anomalous
2.4778608544231386,2.4778608544231386,-3.0582285606513153,17.41970965581045,3.5245335550656374,14.419709655810447,0.20949395584096572,0.27705197042016344,0.6413989499455647,0.08518696291028821,0.020701842037254198,0.8394050697638398,0.9926484934340728,52,Anomalous
2.3380547470065802,2.3380547470065802,-0.5368498966954833,49.807076804677706,5.572748494505492,46.807076804677706,0.12353033721939805,0.19918513890804185,0.7903742875006671,0.08847744195657992,0.01336629087137006,0.6481168472672761,0.9752265197265135,54,Anomalous
5.540442220617414,5.540442220617414,-1.9255316727271428,11.597089303821578,2.6734434238378966,8.597089303821578,0.15343489926870954,0.22193034234173625,2.120893611412907,0.09010357521370731,0.06599030839689628,0.7819888135945301,0.9676731341683104,55,Directed
5.0729281485154125,5.0729281485154125,-0.5492158195405092,7.805948267572835,1.8690025423198338,4.805948267572835,0.2817808529429458,0.2412036937007352,1.3030843665470695,0.10792898506065463,0.06530131573353401,0.7161078279737069,0.9508443746901374,56,Normal
4.539217994324575,4.539217994324575,-0.7532988389769948,19.192712975968153,2.865388883151675,16.192712975968156,0.16642502561012956,0.1758487498788507,1.2950139633049813,0.11076085010638213,0.018907504354093208,0.8132526249141172,0.9849784075125451,57,Normal
13.08057529315894,13.08057529315894,-1.9827880515717844,3.3619164662462175,0.9026905547507472,0.36191646624621754,0.3753896229332503,0.26148502009541225,3.760007172317777,0.633551454713729,0.02046685872925572,1.7828724114768724,0.9993770071887337,58,Directed
16.310987954918023,16.310987954918023,-0.9947809448681644,13.09624014508018,2.833882944100054,10.09624014508018,0.23574274835181855,0.2979213993244367,5.932721469191925,0.34845970183821384,0.02508755565888028,1.5070133438116646,0.9995739521295993,60,Directed
9.022863136418442,9.022863136418442,-0.5796766560932729,14.449318896588434,2.9021789246215315,11.449318896588434,0.26394115767726944,0.2605699535067349,2.3912432981277285,0.2932281266110172,0.04093046441930124,1.0429135919352435,0.9963637822848432,61,Directed
8.720157516499464,8.720157516499464,-1.019695421111293,2.72648059813572,0.8064468291389126,-0.2735194018642799,1.0534384364611977,0.779222875059554,3.69728418547192,0.09788825325263603,0.17829682916906267,1.2418765055951764,0.9980239338784688,64,Directed
1.3498024913179507,1.3498024913179507,-1.139059852670572,10.81070737534537,2.376096474931907,7.81070737534537,0.0406145600084566,0.0761206530808986,0.45618525635520335,0.16700727745512176,0.00011611981499049634,1.4965796317051296,0.9908658988903777,66,Directed
1.3107300245915996,1.3107300245915996,-0.8348054214872245,17.2144119585367,3.384397356602414,14.2144119585367,0.12204928663269622,0.0998302773462506,0.4522799260616688,0.0371050654632288,0.0032392479248708863,0.7103156477620565,0.9926322919741115,75,Anomalous
4.217765626093121,4.217765626093121,-0.42886824459478,17.193603181452673,3.3076784727720603,14.193603181452673,0.15642985104839807,0.1473344947786218,1.0010391107779208,0.1430441399897966,0.04398820157422458,0.5167443919045519,0.8831701754690393,81,Normal
2.494036946229609,2.494036946229609,-0.2136438407725989,57.1055227166345,7.254973427252226,54.105522716634496,0.12212456034930848,0.24302194979498584,0.4649060824140042,0.24243548856756053,0.020890198504926214,0.40833396254375826,0.9393778308446937,86,Anomalous
3.1936531611918437,3.1936531611918437,-0.36939472710579646,37.47442842825047,5.0882756954694255,34.47442842825047,0.1573845136183009,0.19559692267967407,1.241861363626731,0.15490108400340352,0.008226386685594472,1.1233486349410737,0.9962883641243637,88,Normal
1.0838008755387656,1.0838008755387656,-0.7669844814080842,5.223058035282565,1.5865331605196438,2.223058035282566,0.1662557326856,0.11998654519487305,0.3589504357055665,0.047117929657906364,0.008188819990356033,0.44004899896182353,0.9824635086116088,93,Anomalous
5.756572956950942,5.756572956950942,-2.371656472861967,4.662013739750041,1.4095142234896547,1.6620137397500407,0.4789194759243137,0.3381561561720868,1.6601339160030482,0.19386964946323643,0.07677859300626465,0.7644873040222369,0.9730716367654452,98,Directed
4.592064906005055,4.592064906005055,-0.48482658872900886,19.003664701988896,3.5370018743634675,16.003664701988896,0.280163055340152,0.25976145666159584,1.342831563965068,0.07319659690050244,0.04853866255538349,0.7018845957510886,0.9950174078730553,100,Normal
7.1018865906109925,7.1018865906109925,-0.8546411447281701,2.8805717046562918,0.7918537947954745,-0.11942829534370736,0.5723838810587407,0.42491414379099507,2.327166117661079,0.38773620868931774,0.07293786822528203,1.2502802082871454,0.9984952270134545,101,Directed
4.924543984300679,4.924543984300679,-0.534687131324566,7.234897930859066,2.3318163790469044,4.234897930859064,0.3013784117269117,0.48060223974179356,1.4452358133560015,0.08283801031023924,0.1128516356711927,0.5380028824246668,0.9298340048795709,102,Normal
1.4358713847483353,1.4358713847483353,-0.9957569279514684,16.834119810152036,3.5441135445413865,13.834119810152036,0.17544991324586925,0.2845643820051612,0.6009241355593001,0.05266306231113854,0.02274619344055858,0.6079962369849102,0.967676486835489,129,Anomalous
4.933416689100757,4.933416689100757,-0.22368195856389583,53.65530857679039,7.1105233435267365,50.65530857679039,0.0843137135115744,0.16290271580168214,1.2926940770371513,0.3104289666234148,0.046412329206366024,0.5669600441963529,0.9379921141527962,131,Normal
2.5005495145025383,2.5005495145025383,-1.1764005562478768,3.922130996418058,1.2151000082207697,0.922130996418058,0.320404419339258,0.23032031526375052,0.9673877228258655,0.08572721057432979,0.04417258628369118,0.8710562379780278,0.9855196785407253,132,Normal
2.1210761873070494,2.1210761873070494,-0.2644158328955304,28.495536994310598,5.124847333289978,25.49553699431059,0.15871894734623906,0.2692450765683866,0.5681147853735644,0.3550653649056054,0.0212154299442188,0.6165115913813606,0.9614220735595412,135,Anomalous
4.61913844727291,4.61913844727291,-0.8951799968686207,4.626288308036888,1.3947652368828634,1.6262883080368882,0.46155458172908187,0.3585920659416734,1.454806999400283,0.34509599171599536,0.04815689601020857,1.2691160833032735,0.9975137019356428,137,Directed
5.793331969553106,5.793331969553106,-1.0190016793375154,28.256177559372688,5.100150249008369,25.256177559372688,0.15068859207083196,0.2989669619546663,1.8225450249380233,0.20769111309505273,0.04228063863170776,0.7487190168422607,0.9853698490990911,140,Directed
5.3124269898220895,5.3124269898220895,-0.6421854649476388,23.309201926224116,4.324179146747466,20.309201926224116,0.20682912751459273,0.31938640414347497,1.3583210194212996,0.26793843183003296,0.016275425127921468,1.0331081970573264,0.9968947933722332,141,Normal
21.899574178095975,21.899574178095975,-0.6413200609176741,6.516013220520882,1.6889785589340116,3.5160132205208807,0.3443801906968708,0.2835326168561947,5.55238147356954,0.39253871246590766,0.06038824988253846,1.2963872227744413,0.9931281350382464,148,Directed
9.059895574478036,9.059895574478036,-0.40651897002757487,5.806306931062547,1.8864934126817983,2.8063069310625472,0.48029946190994893,0.5647088677602993,2.3118009497929926,0.020802276105299944,0.19321551574938853,0.6563830268740113,0.9714854636121355,155,Normal
1.177343537110435,1.177343537110435,-0.5738089977866909,13.16352531725119,2.861892301183042,10.163525317251189,0.15089660098449162,0.1581281305209487,0.343882510913642,0.18739382010987662,0.007930220285859466,0.8615242476703415,0.9929037970648592,158,Anomalous
2.3959462395767748,2.3959462395767748,-0.3291563496293639,6.705698778161942,1.8072111896939786,3.705698778161942,0.18025715463277972,0.13188452463972702,0.6243401261034157,0.31127136571049696,0.010685031856481115,0.9181926457458796,0.9946111125770349,161,Normal
20.29223065609101,20.29223065609101,-1.7512266043446796,8.625022241726633,2.0533965150686666,5.625022241726633,0.3881965204544735,0.36181469070665906,5.510899436888213,0.3930307326019561,0.013416607055847475,1.6573524455825124,0.9970939189405486,166,Directed
2.842142561478149,2.842142561478149,-0.4425056499579816,20.719381285793496,3.8174147951522652,17.719381285793496,0.20492430241060466,0.23972667111166807,0.7939289851119464,0.24596116760105982,0.021424418552721432,0.9817028008007084,0.9955722150873781,167,Normal
5.702481457758686,5.702481457758686,-0.5021448045382899,19.70185370323201,3.788361492786696,16.701853703232015,0.3640773043394163,0.45610162088930367,1.8872859783599243,0.2424326060302015,0.04573982405759164,1.0806595960112972,0.9896889204737667,169,Directed
10.644823012386189,10.644823012386189,-2.0144206855181306,4.078324148487324,1.101434849127861,1.078324148487324,0.5215570997090176,0.3337263853460516,3.710265830369075,0.21084991658293986,0.03810041542806537,1.3417552753238955,0.9982032968437313,172,Directed
19.35907652748073,19.35907652748073,-0.35702859752623106,11.1450907454252,2.3645480825440273,8.1450907454252,0.38057720095202197,0.3702420486237577,6.670277463177862,0.33708163393984475,0.0762062752413382,1.3645607184857695,0.9984482705247927,180,Directed
10.740182857721342,10.740182857721342,-1.7086957348179812,11.02226387392078,2.6980814275860263,8.02226387392078,0.40270042413757023,0.4516846211259644,4.257191580925322,0.5273406995883714,0.0631685280236485,1.675076643486795,0.9999145853815049,188,Directed
3.4221228791497214,3.4221228791497214,-0.891734553973863,4.690685280878943,1.0934296148965983,1.6906852808789434,0.1581470337377708,0.1484771635669835,1.2144109255905815,0.2501543580171276,0.004953393617776575,1.2427733225036677,0.9928677467312435,190,Normal
4.060149393430081,4.060149393430081,-0.7657107080461627,23.339531863254614,3.698576227392063,20.339531863254614,0.29851232686968,0.29260979957105027,1.199088613603113,0.07199309140508117,0.02301673423674651,0.853129085883531,0.9692485142987792,192,Normal
1.4315629364742855,1.4315629364742855,-0.9880350481787787,2.6757751126802534,0.28483788223800127,-0.32422488731974664,0.18050009083230756,0.11920100433563297,0.4744309167632102,0.06400254998329284,0.006062351344785052,0.8897971438712611,0.9876636045664544,198,Anomalous
7.661709991901287,7.661709991901287,-1.0593759091825197,8.82428867209264,2.2283556856281055,5.82428867209264,0.2560538944530977,0.26931709627152933,1.679341321196368,0.143654202923398,0.011025896259970327,1.150062255351267,0.9849850394386409,201,Directed
4.440493970669779,4.440493970669779,-0.8597958042524494,5.0055066630269565,1.2422112546764157,2.0055066630269565,0.2616097839977055,0.168539720779953,1.2114232250021433,0.21139613123291348,0.017875357027505864,0.9574431515961428,0.9855052506308936,204,Normal
3.6394711154232304,3.6394711154232304,-1.2333403947585593,7.429636737853848,1.9615891466556987,4.429636737853847,0.48502728667328504,0.4787034534868738,1.0882939605142916,0.055247505849714704,0.1568301891950537,0.44131359194866904,0.8493587953859187,211,Normal
12.462678817196279,12.462678817196279,-0.8199979291806061,4.483963046085227,1.37931762596527,1.4839630460852282,0.2870294731479008,0.2521647788740728,4.119592905143022,0.23021209789631453,0.13105898944878283,0.8969509533074723,0.9812155523908915,212,Directed
5.667298719078266,5.667298719078266,-1.5744961567624278,11.5828850942375,2.7906670158193987,8.5828850942375,0.41695475872928767,0.4726645957602936,2.020911215097116,0.31330825555803393,0.02793008198726038,1.4638400456328868,0.988776461849691,221,Directed
2.1528782760087983,2.1528782760087983,-0.2515403158616898,27.050409691940626,4.815719977060302,24.050409691940626,0.1910287997650307,0.4255687747105324,0.9872764574191851,0.039485938764927245,0.04975875017063391,0.7443341187343853,0.9694044282806744,225,Confined
0.9209309028967181,0.9209309028967181,-1.0521806449290318,4.060420330005679,1.181747467873614,1.0604203300056794,0.115306637800483,0.0701087231475578,0.3721365896779701,0.062396864708949756,0.00413941457830468,0.6242052529118167,0.9919008872137884,227,Anomalous
3.0205065486920115,3.0205065486920115,-0.8392626118189366,17.45201901103205,3.2013062277556066,14.45201901103205,0.1477766119749853,0.13374932012954857,0.7143767140327738,0.11627764605959985,0.011145388214780326,0.6662658647521702,0.9833193902634495,229,Anomalous
1.8277727146362626,1.8277727146362626,-0.6857669224659957,11.463281094073166,3.093560033170615,8.463281094073166,0.2935374984150828,0.45295221494032784,0.8297843965147987,0.15586171155360937,0.047235414687092935,0.6753689590862175,0.998759506430158,234,Normal
3.2446572804141685,3.2446572804141685,-0.8566444145634251,5.032108056733332,1.169871358506522,2.0321080567333327,0.2719157138744731,0.20007344859964038,0.9755647824869697,0.06807185408923404,0.02455986968807724,0.9525255234767261,0.9991531084979258,235,Normal
1.5777784019657022,1.5777784019657022,-1.0938187061372742,10.579471781981745,2.309135331293935,7.579471781981745,0.2442032645274502,0.20141923590192073,0.7433382699201551,0.07601532676489578,0.025326379532053873,0.9957004076856766,0.9765890423676085,237,Normal
4.956820945017032,4.956820945017032,-0.48198944971201607,4.119934471362533,1.3250724259787554,1.1199344713625328,0.504410221174485,0.4321133709310153,1.6027856804726903,0.14804751846578637,0.07590780164195815,1.0453431506768533,0.9899238112574686,246,Normal
2.8796140593111814,2.8796140593111814,-0.4352695687777912,31.04987496917471,5.246462532554256,28.049874969174716,0.20078455797660494,0.38639378164476434,0.7661802318539184,0.11781385318077094,0.051664899331002254,0.3736056005156655,0.8497396738319526,249,Normal
1.4688190717946086,1.4688190717946086,-0.6472812661040146,37.27555312799296,5.708847131589547,34.27555312799296,0.14869487292218475,0.2612944783948596,0.3224282591008623,0.026468201564590146,0.016895742033436776,0.13657125835415557,0.5128402248726684,255,Anomalous
6.322066513411575,6.322066513411575,-0.8182976812084468,13.604842353611273,2.9029728364021627,10.604842353611277,0.2727954591754145,0.3659285973666254,2.1701536778618213,0.20046922878064002,0.0321901283968744,1.0071070046358586,0.9950472047669142,259,Directed
7.053160712943466,7.053160712943466,-0.7066017998457605,43.42733370248774,5.38278098333121,40.42733370248774,0.1641513714814107,0.1527042502951846,2.409880223892243,0.378995305977417,0.006456858339463084,1.461655132151441,0.9990212751752093,260,Directed
5.738685914384746,5.738685914384746,-0.507029007379524,15.978957118649443,3.0933409827683973,12.978957118649443,0.3688408909456165,0.3409450851877557,2.180701197787404,0.10155598772465148,0.018783722672286386,1.2342569110574766,0.9982627112301521,266,Directed
0.6555395707687277,0.6555395707687277,-1.3611474328251414,2.3146240446192405,0.49605110580930184,-0.6853759553807595,0.1677636660207854,0.13094294072420087,0.24870345060894403,0.0,0.012939649911506866,0.2905201516841523,0.43833547122686356,270,Anomalous
2.500651537927222,2.500651537927222,-1.2557946776793907,13.813675284335151,2.797023482520401,10.813675284335151,0.31493238420671055,0.23360264709472536,1.1592120490543096,0.07684543442786505,0.04118379619142096,0.851839248973358,0.996518989439941,281,Normal
5.446655003594543,5.446655003594543,-0.9476496252267865,8.653677389681597,2.1031866480142045,5.653677389681597,0.4866454085529285,0.38181070049315546,1.8340722660222308,0.11126548509846101,0.20341333163390643,0.6374576925276981,0.9114605780879553,282,Directed
4.954084366144903,4.954084366144903,-0.5675234443027899,9.268683458987553,2.218739465109573,6.268683458987553,0.5152201215991545,0.33564322275314495,1.9019578168125009,0.08934106996073872,0.04370731458399884,1.2039035952629202,0.9817772906319844,283,Normal
1.9786081248973548,1.9786081248973548,-0.2747980801555412,16.323462752385304,3.842916399300767,13.3234627523853,0.15670851652328982,0.282570075211208,0.44275801143366406,0.11194617566499607,0.023980685748372595,0.2884337927766547,0.7610883769700422,284,Anomalous
8.455591345855527,8.455591345855527,-1.1701980198579567,3.0523747804936363,0.9258118817001044,0.05237478049363631,0.5782799490928118,0.44339893616785364,2.5707087012923378,0.3074520466172594,0.1779150683237503,0.7349231809368482,0.9670977937291458,289,Directed
3.430581285928947,3.430581285928947,-3.128857286541791,7.751844406843506,2.4163650373139087,4.751844406843508,0.3174302724735721,0.4380503460744327,0.9030032625841485,0.12760557529974897,0.1271022886592364,0.18564698731263163,0.6839767398095989,292,Normal
7.33162721438217,7.33162721438217,-1.0081742063412338,6.58989924574474,1.7372947346499004,3.58989924574474,0.19341883100527457,0.13666071999811855,1.8183105575886884,0.3867674959394179,0.023383224384140998,1.031730535719128,0.9804465480986357,293,Normal
3.231054817461077,3.231054817461077,-0.30573565444150885,71.09410888168664,8.050150608728714,68.09410888168664,0.10754614321607542,0.24977803846515553,0.9004189406559399,0.3278917066313057,0.041713269809582856,0.4820927793699764,0.8592780670777642,294,Normal
1.7460312139248848,1.7460312139248848,-3.237165203177793,18.208935515540045,3.7738958564977487,15.208935515540048,0.23846601373156312,0.3014599656663847,0.43382964918470146,0.03985643416924584,0.03356546525595196,0.15141402200816145,0.3716018897391413,296,Anomalous
2.5726248217263494,2.5726248217263494,-0.6373449717006887,8.725707468227895,2.147595568032635,5.7257074682278954,0.3573705431547578,0.23529333991831605,0.722423221636902,0.09010447471288449,0.06368237366164105,0.3682981738098195,0.798454000601192,303,Anomalous
1.8873312170843928,1.8873312170843928,-2.3612159320873913,7.882391869159673,1.876705574609316,4.882391869159673,0.13757355197898066,0.09900663428578678,0.4630022727361163,0.2751550613278467,0.008669387600443348,0.789848177711334,0.97606769176001,305,Anomalous
4.856699816597318,4.856699816597318,-0.6703145756537221,7.818142671922204,2.1502032075963604,4.818142671922204,0.40161399801687453,0.3394146573308349,2.2495067496366086,0.230274618789533,0.0661178880684476,1.3758753593867201,0.9993599911553934,306,Directed
3.706592073731818,3.706592073731818,-1.6057666326425126,30.923422393322106,5.15063659206194,27.92342239332211,0.18412018499559163,0.3488190286080105,0.9614931710757063,0.387141783527111,0.033110407642370804,0.769512829866551,0.9951404667133745,309,Normal
2.653128055399663,2.653128055399663,-0.6833906583636244,14.748951472307718,2.7900491379070047,11.748951472307718,0.3530068823872118,0.3187387910864266,0.8365738509702239,0.06582938416980165,0.042379455680756656,0.4017337022803676,0.8560383331789319,313,Anomalous
5.67634027097751,5.67634027097751,-0.47708559585902677,12.155959278811263,2.4169125617723046,9.155959278811265,0.34412745243782916,0.2543200445145377,1.1554467171199312,0.2328271787645013,0.06802114429235342,0.6629813571116138,0.936031911524081,314,Directed
3.3495132341971017,3.3495132341971017,-1.130206615498698,3.3890438539873595,1.159390029918895,0.38904385398735863,0.43515044078537707,0.35845128359169465,0.9797465520167999,0.047347739677090855,0.09456092871992229,0.5556356475881989,0.9122420841354331,319,Normal
2.4649999999999976,2.4649999999999976,-2.9575312561968072,30.910259377898647,5.081469584284603,27.910259377898647,0.14839673499853287,0.29611784957453474,0.4452680402002572,0.05165037921785759,0.01233963192379986,0.5600139683257799,0.9833614918808968,323,Anomalous
4.5840387904597195,4.5840387904597195,-0.2034054056221446,31.381905738607315,5.0847847675991575,28.381905738607326,0.20508574341220728,0.37769162616894403,1.1275567957316612,0.3663407047463859,0.07015715695229714,0.571871898408101,0.8919761869889775,331,Normal
8.559913843024356,8.559913843024356,-0.20409600825702467,5.6912559425459035,1.8758277655253464,2.6912559425459035,0.47497538478498447,0.5374512560208188,1.8761761049697612,0.49174810825474397,0.154845878156793,0.8892393060960031,0.9677037359974913,332,Directed
1.195540054643102,1.195540054643102,-1.0392705504867745,9.714415374661277,2.01311747827752,6.714415374661277,0.1815416382704085,0.13115641214453402,0.5754870922716767,0.07653812380436786,0.01156467691994558,0.6242600719332885,0.9821100351703881,337,Anomalous
8.969832293588222,8.969832293588222,-0.7126320421099535,2.654671574544946,0.6921861178568705,-0.34532842545505416,0.36491887340406554,0.2521939965259007,2.2309194496179616,0.3175479089434597,0.04945703365874479,1.0961127042203063,0.9974168515378751,344,Directed
5.754179029496214,5.754179029496214,-3.809660641606473,13.913947182550155,3.234296563638899,10.913947182550153,0.37356137193771616,0.48749613697890104,1.6033027078972821,0.3793273737727072,0.12049772930464875,0.7690357716757209,0.9546974275484256,351,Directed
1.4572319650625318,1.4572319650625318,-0.933658042462673,6.285270542240929,1.3596166026225998,3.285270542240929,0.14310708116320778,0.1434708628087967,0.5928026691192816,0.16971347064238076,0.009314032657942936,0.9326302068112396,0.982180974486097,352,Anomalous
3.0617466615406657,3.0617466615406657,-0.11256275170797703,54.589975607793,7.208702512445203,51.589975607792994,0.12588532014920262,0.31316561670106774,0.46769115052968707,0.40362639963231356,0.015020064246544352,0.36125633661697704,0.9399599852005596,353,Anomalous
3.9365543373923355,3.9365543373923355,-0.44162827727344833,19.024364687990463,3.850588360126321,16.024364687990463,0.38989423029462833,0.45863084030035,1.2995592230831146,0.3019236912610813,0.06228127468064381,0.9899031905582315,0.9970521995913393,355,Normal
0.8454880247525691,0.8454880247525691,-1.0713761654052458,19.328929208513873,3.805437306934771,16.328929208513873,0.13389558626801581,0.1947019702618488,0.3388224562626359,0.09052292531136887,0.006047102411709712,0.6144915376752892,0.9445226146339234,356,Anomalous
9.33005047466085,9.33005047466085,-1.809458432932432,4.545754505073552,1.4324898387450866,1.5457545050735515,0.48447036125819093,0.3876431260838334,3.0611045318336703,0.3438972897282795,0.06164727534193804,1.1285611168234289,0.9976604631083497,359,Directed
5.098764443181481,5.098764443181481,-0.5960098539535996,27.63436471488156,4.793781149652637,24.63436471488156,0.22694380726939314,0.4166552221774555,2.086161844424804,0.42247893811416914,0.016374231643029365,1.5242610467515934,0.9928298142408656,365,Normal
2.4449670109589046,2.4449670109589046,-0.8892421660938774,7.300195135397529,2.0248066498773336,4.300195135397529,0.24356724652345474,0.2487562402802869,1.0098442218836372,0.20076320160916727,0.015999911013521023,1.1883595366921367,0.9965571211879138,369,Normal
4.920597129721726,4.920597129721726,-0.4611941730859952,7.476458300505646,2.170896738037143,4.476458300505646,0.26424620957339345,0.24566982397930098,1.3351123861299072,0.349683747105231,0.01665657590894462,1.1579928723155632,0.9890685781088876,373,Normal
2.142845844340703,2.142845844340703,-1.0510387037076807,15.18704240752851,3.194981925290858,12.18704240752851,0.2189120063163877,0.20037158886574144,0.9308630434736913,0.13111734620389237,0.02039568310679679,1.0605189407577775,0.9957078601676437,377,Normal
2.7072909084790684,2.7072909084790684,-0.11024550758569873,41.38825564317968,6.256555993576036,38.38825564317968,0.1431116373981621,0.30723533844422185,0.4599594003602272,0.3994818566562395,0.015665832456908182,0.4407000716193425,0.9525531220003273,378,Anomalous
4.271583249909267,4.271583249909267,-0.7213115483461745,8.79965071318181,2.125244426240349,5.79965071318181,0.465967242557171,0.35541938271258855,1.5569811084631975,0.2154360953949397,0.09962958760710282,0.9134691025754617,0.9964891840942448,380,Normal
3.4571901596924186,3.4571901596924186,-0.7168337270919083,3.6050178990130703,1.2099877503415126,0.6050178990130703,0.44233238722836576,0.2908377110191801,1.1257741760905453,0.1084561454248212,0.037255062334751704,1.186019244054417,0.988834519601789,382,Normal
2.8353248932080626,2.8353248932080626,-1.3215907579196138,4.861021406540089,1.5161794651529654,1.8610214065400887,0.2932668497430621,0.24592404799940895,1.09657480966562,0.09311862841372097,0.02163190002270039,1.1159403664724312,0.9950688316325685,386,Normal
1.6773609820470214,1.6773609820470214,-0.9663227081236101,8.517582616255211,2.310285726800971,5.517582616255211,0.305543065162529,0.35856101249167566,0.7082981813929317,0.09425463101865644,0.06404016800065905,0.4210505644589846,0.840094941713977,388,Normal
2.201189494801596,2.201189494801596,-3.7450281927323426,9.218229762258815,2.7477922077356385,6.218229762258815,0.21158812984219533,0.3970101021390398,0.6668725066223373,0.050571134683512396,0.057788091806148086,0.32161788194759794,0.6997969775284174,395,Anomalous
4.30562687117071,4.30562687117071,-0.3941039174222436,21.527981903644676,4.2312484719595425,18.527981903644676,0.33393403988788706,0.45463304404681154,1.4995351598865099,0.26568659893959934,0.05903742856114947,1.0701004760284003,0.995585342614309,397,Normal
4.608172088800505,4.608172088800505,-0.7597189176419858,6.952747368908711,1.97559387354191,3.952747368908712,0.2735485838813379,0.22473696854946074,0.9981503238251886,0.4679416666254263,0.024241828901120935,1.202182512897383,0.9996469916108068,398,Normal
0.8454880247525709,0.8454880247525709,-0.8778496731526928,16.05068649677019,3.2166717750307043,13.05068649677019,0.16168607673990298,0.20912871268864863,0.3866420060163232,0.0951016688860113,0.01652769179784248,0.4752725174910534,0.7924723644470045,401,Anomalous
2.896520685803302,2.896520685803302,-1.7640261198004694,7.114565985906819,2.1725980936139813,4.114565985906818,0.5626164983389211,0.49897469876383915,0.9502113270839286,0.12831175543171283,0.07904154142354966,0.5082810899709995,0.91959056264846,402,Normal
4.5415899723275395,4.5415899723275395,-0.5706134550566806,3.955355442460728,1.2535140055427336,0.9553554424607271,0.6280567365306036,0.37048178581491936,1.152631630725371,0.10936512001294402,0.12643364565242227,0.5505997559162505,0.9414457066283954,410,Normal
